"ID"	"Type"	"Name"	"Documentation"	"Specialization"
"id-6a04be8764ea4e4f84b1a5f16fafeac7"	"ArchimateModel"	"CoopeAnde"	""	""
"id-26a3a714964c4041a61cf561827a7b8c"	"BusinessActor"	"Asociados"	""	""
"id-dde206e43fc740f0a46c01094d27fdda"	"BusinessActor"	"Todos los Asociados"	""	""
"id-bcddb472a50b44db846dc7c650ae6925"	"BusinessActor"	"Todos los usuarios Internos"	""	""
"id-3ea280454d214c64a0b209afccb66404"	"BusinessActor"	"Usuarios Internos"	""	""
"id-da202095af804ffe9bcab7f13f89e7e3"	"BusinessCollaboration"	""	""	""
"id-326212a745c24f00a761ecb6e0e46a60"	"BusinessFunction"	"Administración de Cartera de Credito"	""	""
"id-9d504940bf6049cc913e35408dc23a08"	"BusinessFunction"	"Adquisiciones"	""	""
"id-4235e8410cda404dabb99e56e955b6fa"	"BusinessFunction"	"Análisis y Diseño"	""	""
"id-6dddf7fa04234905914c18a9714c78d3"	"BusinessFunction"	"Business Function"	""	""
"id-6a7326524f0b41d78fa5bd694fbb6a36"	"BusinessFunction"	"Canales de Negocio"	""	""
"id-593466ae34904094acda8a8619d94436"	"BusinessFunction"	"Excelencia Operacional"	""	""
"id-7d61a8d17d3d428fb399e35ec88a9cad"	"BusinessFunction"	"Gestion de Seguridad"	""	""
"id-fa7a9944b67940acad7d98de507ca9d8"	"BusinessFunction"	"Gestion de T.I."	""	""
"id-d1bda9f4c7f94fc28761d604fa3d86e7"	"BusinessFunction"	"Gestion del Ciclo de Vida del Asociado"	""	""
"id-cc04ca8520ef4f258704adf5bb19a9bd"	"BusinessFunction"	"Gestión Contable"	""	""
"id-ba9384afb9b64aafa10fd1fd0f8eeb1b"	"BusinessFunction"	"Gestión de Credito y Bonos de Vivienda"	""	""
"id-dfab0d8bf78e437d960a1b1f395e5785"	"BusinessFunction"	"Gestión de Talento Humano"	""	""
"id-e617c5e828764b5ab63f736e2e6dbfd3"	"BusinessFunction"	"Gestión de Tesoreria"	""	""
"id-e6d019a7dab249d891966b0418d01cae"	"BusinessFunction"	"Gestión Estrategica"	""	""
"id-d825ae5e150048c3958da9ddafc9c400"	"BusinessFunction"	"Gestión Integral de Riesgos"	""	""
"id-8faad619b79b4100a1fd2ece7e3cb571"	"BusinessFunction"	"Gobierno Corporativo"	""	""
"id-c276cde451b94bbd866de06dd9e88f07"	"BusinessInteraction"	"Agencias"	""	""
"id-8f18cfecbcec45fea30995ee3d0b6914"	"BusinessInteraction"	"Asesores"	""	""
"id-93fcfc6844404362a09252277b3ae16b"	"BusinessInteraction"	"Business Interaction"	""	""
"id-d80704c6afc045ff894db0be61c7f633"	"BusinessInteraction"	"Business Interaction"	""	""
"id-a65247d9b9e84d258f580a9bfd2f9db7"	"BusinessInteraction"	"Call Center"	""	""
"id-ecbac06fb7f343eca90b875a26122eb4"	"BusinessProcess"	"Administracion de Bienes Adjudicados"	""	""
"id-e907c883e95e499c806969157e2211b8"	"BusinessProcess"	"Administracion del Sistema Integrado de Gestion"	""	""
"id-e7b3c06a87ea4ca398a25a70e534ef60"	"BusinessProcess"	"Administración de Cartera de Credito"	""	""
"id-c3f8c53d30b340478d2069fb638ba32f"	"BusinessProcess"	"Administración del Personal"	""	""
"id-629289516ce34c35836d4a1b490bf856"	"BusinessProcess"	"Adquisición de bienes y servicios"	""	""
"id-ac89f2a01b824bdbbf7a39a647df903f"	"BusinessProcess"	"Análisis Financiero"	""	""
"id-2c670d74940e4361b426ba14686c872e"	"BusinessProcess"	"Análisis y Diseño"	""	""
"id-89a13926674e47c0b17fc5a3a5df77a3"	"BusinessProcess"	"Capacidad y Disponibilidad"	""	""
"id-9e6537d95f044dfdaf888d4286cbfc95"	"BusinessProcess"	"Colocación de productos y servicios"	""	""
"id-e200360fb7fa404fa47aff50340cfaa0"	"BusinessProcess"	"Construcción y Transición"	""	""
"id-d2e8234e4e8d478fa6b4330fa827113f"	"BusinessProcess"	"Control de Seguridad TI"	""	""
"id-660092bd350947bd816976e060d87fc8"	"BusinessProcess"	"Control y Aseguramiento de Calidad"	""	""
"id-5422e16dab6147c09f3e998fd3d6addb"	"BusinessProcess"	"Dirección y Control Organizacional"	""	""
"id-fec2d90d36224d3688f01e78e4d07745"	"BusinessProcess"	"Fidelización y Retención"	""	""
"id-84ee2e9ff4ae41a1b91ac25b3e16e6ce"	"BusinessProcess"	"Formación del personal de Agencias"	""	""
"id-9da28c9cc3c14001b1a9752b1d65d38c"	"BusinessProcess"	"Gestion de Servicios"	""	""
"id-d1d823b08be747c4904eae6e5e9adbeb"	"BusinessProcess"	"Gestión de Activos"	""	""
"id-a2db4f5a45e4462499592a786375485c"	"BusinessProcess"	"Gestión de Activos y Leasing"	""	""
"id-694b30f4320d4d57ac9385566087653d"	"BusinessProcess"	"Gestión de Bono Familiar de Vivienda"	""	""
"id-d5d64ef5f1a14fb3a181155d3fce4562"	"BusinessProcess"	"Gestión de Calidad de Procesos y Servicios"	""	""
"id-bdab11921b6e4385a3e02d71c6db156e"	"BusinessProcess"	"Gestión de Cambios y Configuración"	""	""
"id-e0c97e1fef7d40389fdcc1784d19f4f5"	"BusinessProcess"	"Gestión de Capital Social"	""	""
"id-41d632b68b5c4e61ba024f533ec9a8ff"	"BusinessProcess"	"Gestión de Cobro"	""	""
"id-d2c0209d662144d8828172516d22cca6"	"BusinessProcess"	"Gestión de Credito"	""	""
"id-54c4fe810f674738920cd9c4640c556a"	"BusinessProcess"	"Gestión de cuentas corrientes y movimientos bancarios"	""	""
"id-420b8be6203e420b996fc5d0bde9d880"	"BusinessProcess"	"Gestión de Cumplimiento Normativo"	""	""
"id-90fb9aa1603d42449961fe6ae5442ddf"	"BusinessProcess"	"Gestión de Custodia"	""	""
"id-c9d498d5d58e44cdb67285afe7d14587"	"BusinessProcess"	"Gestión de Fondeo Institucional"	""	""
"id-8056c77f610a49d79708050c8a341a7b"	"BusinessProcess"	"Gestión de Fondos de Caja"	""	""
"id-b7d88d50ca804434b4a2fec6a3df01b4"	"BusinessProcess"	"Gestión de la Contabilidad"	""	""
"id-bceaa16202f44d3bacbb9ac681da7572"	"BusinessProcess"	"Gestión de la Continuidad del Negocio"	""	""
"id-03ce5791bbf04015a7caf535482281e7"	"BusinessProcess"	"Gestión de Liquidacion de Gastos"	""	""
"id-e649a48f71c64344a575bf5492393b9b"	"BusinessProcess"	"Gestión de Mantenimiento Preventivo y Correctivo"	""	""
"id-e1f00395d39f4efb82af08c3b7e3494a"	"BusinessProcess"	"Gestión de Portal de Inversiones"	""	""
"id-751841dd2f2d4b42aa64ca1685d1432a"	"BusinessProcess"	"Gestión de Presupuesto"	""	""
"id-17932947f2f24c5a895c99cd5fc35094"	"BusinessProcess"	"Gestión de Programas y Proyectos"	""	""
"id-788c271c7dea454caf658ef7f763d0a2"	"BusinessProcess"	"Gestión de riesgos Financieros y no Financieros"	""	""
"id-ba6e84decd7c46a8bafec51992addf08"	"BusinessProcess"	"Gestión de Riesgos PLC/FT"	""	""
"id-02b925f73cfd4175a3e87d6b89d62961"	"BusinessProcess"	"Gestión de Seguridad de la Informacion"	""	""
"id-4f6352f4ac394f12a57c41903e8da501"	"BusinessProcess"	"Gestión de Seguridad Tecnologica"	""	""
"id-bd8b03117f624081ba385edc9ae60698"	"BusinessProcess"	"Gestión de Seguros"	""	""
"id-a8a47021e39f45f38b2915af77a3b3a2"	"BusinessProcess"	"Gestión de Servicios de Agencias"	""	""
"id-5e68be7d0eef409cae53be8925831152"	"BusinessProcess"	"Gestión de SINPE"	""	""
"id-74fbee9fe18a4361a87e0264302bb21a"	"BusinessProcess"	"Gestión del Ciclo de Vida del Asociado"	""	""
"id-63c3f842cd7a43ccbc472d6f6d701778"	"BusinessProcess"	"Gestión del Marco de Gobierno"	""	""
"id-c07ef09ef02940ccb0735267a7fc5d23"	"BusinessProcess"	"Gestión del Portafolio de Inversiones"	""	""
"id-3113eb906ace4fdaa9791fbc8ba7c92f"	"BusinessProcess"	"Gestión Estrategica y del Portafolio"	""	""
"id-2d204933b0dc4765bc5dba55381ea8c3"	"BusinessProcess"	"Gestión Legitimación de Capitales"	""	""
"id-b1625793457a4c77ada7ec7097c6fcc8"	"BusinessProcess"	"Incorporación del personal"	""	""
"id-700aa5d2ea01448bbca8f03628db1220"	"BusinessProcess"	"Mejora Continua"	""	""
"id-98f612a4fe704c3ea46475a09557dcdb"	"BusinessProcess"	"Prospección y Afiliación"	""	""
"id-6e69e35c7ce9400b91c33080892bbac4"	"BusinessProcess"	"Soporte de Productos y Servicios Complementarios"	""	""
"id-0d53910b41094cf392be7518a1c11a8b"	"BusinessService"	"Administración Cartera de Crédito"	""	""
"id-29d555019c96462cb8dec432cbf95c5d"	"BusinessService"	"Administración de Cartera"	""	""
"id-88a29c1437604ec08d2ad4eb9617e284"	"BusinessService"	"Administración de Dispositivos Móbiles"	""	""
"id-aa4a3fc17ca4494d9d2b5ba8a8b58f51"	"BusinessService"	"Administración del Dashboard"	""	""
"id-7ad01926db224ac28c3e63ed4f6b58f5"	"BusinessService"	"Administración del NAC"	""	""
"id-879834e263104de59c8b8efd5abca1a6"	"BusinessService"	"Agencias"	""	""
"id-2ce8e94344e2476192fa8ddf1e19d653"	"BusinessService"	"Antivirus y Antimalware"	""	""
"id-7c30e2791270499e939792a60148d22c"	"BusinessService"	"Apoyo Alta Gerencia"	""	""
"id-e0261bc84bdc4d22aa35aa8641634f26"	"BusinessService"	"Captación de Inversiones"	""	""
"id-1af8b95da47d4c52895d83da92defa2c"	"BusinessService"	"Centro Administrativo de Agencias"	""	""
"id-83d96964864a460886ca210d9cbe4f6d"	"BusinessService"	"Cobro"	""	""
"id-e3f8f43980074c71a9b4bb9579645445"	"BusinessService"	"Contabilidad"	""	""
"id-dc544c8f4c96415cb44c40d2472138f0"	"BusinessService"	"Contact Center"	""	""
"id-37a8e2b3fc1f4579ad3f05f218043b32"	"BusinessService"	"Correlación de Eventos"	""	""
"id-500b26d1f16547bab993750b9db017ff"	"BusinessService"	"Crédito"	""	""
"id-0e352a92a12342a38681d1dd05beedbd"	"BusinessService"	"Detección de Alertas"	""	""
"id-60b5effb26cd439a848df2ab87fba894"	"BusinessService"	"Dirección de Riesgos"	""	""
"id-6bd1c85878c444928dbeb82226ef72cc"	"BusinessService"	"Estrategia Comercial"	""	""
"id-d21f508a010141dfb4a34bd4753c5b60"	"BusinessService"	"Excelencia Operacional"	""	""
"id-a260d87f2e8346cc81d6cb4f060a2687"	"BusinessService"	"Gerencia Administrativa"	""	""
"id-e8e311ab85594202ab8e2ab627c73ef4"	"BusinessService"	"Gerencia Comercial"	""	""
"id-027b2bcf94fd4ba299b2edaf7a97b97d"	"BusinessService"	"Gerencia Comercial"	""	""
"id-e8f56a1683454c9389a3bd3726222847"	"BusinessService"	"Gerencia Crédito y Cobro"	""	""
"id-509c310c238e405799f9c170636f19eb"	"BusinessService"	"Gerencia de T.I y Calidad"	""	""
"id-bafe99ab6cd3454196d3075cc579b599"	"BusinessService"	"Gerencia General"	""	""
"id-c9ee89eff5b0463cb9a3982adb8b18dd"	"BusinessService"	"Gestión de Pistas de Auditoría"	""	""
"id-3423fc2bc51042e1b8a69bd2f1c62be2"	"BusinessService"	"Gestión de Vulnerabilidades"	""	""
"id-1339889d0f5c4f0c99019b0c0a9bd7de"	"BusinessService"	"Gestión Financiera"	""	""
"id-1c37c79635824aa797071be89d8b3358"	"BusinessService"	"Grabación de Llamadas"	""	""
"id-c86cdf5b1a4f4d0a83f47ceb9a1b13d9"	"BusinessService"	"Mercadeo"	""	""
"id-ade22d76bf0c4eb9a4d2d7581163389f"	"BusinessService"	"Planificación y Presupuesto"	""	""
"id-7125e0d9d6794660970596e4993e9791"	"BusinessService"	"PLC/FT"	""	""
"id-c39d5563e2f4454bb0d68e13564f4006"	"BusinessService"	"Responsabilidad Social"	""	""
"id-677e326a0ffb4f9298548143156fb5f3"	"BusinessService"	"Riesgos y Cumplimiento Normativo"	""	""
"id-f587e9c98a074ae68cd68dc213fe2182"	"BusinessService"	"Talento Humano"	""	""
"id-9607f3c71b7e4d1795401a585e12cd73"	"BusinessService"	"Telemática"	""	""
"id-3e996b276be44f2b9e8b28a16c1b7242"	"BusinessService"	"Tesorería"	""	""
"id-921a13d7f5914142a6af210bb5a7ba07"	"Contract"	"Licencias Desarrollo"	""	""
"id-eb637af41abb47598ba8ccf62085557c"	"Contract"	"Licencias OneBase"	""	""
"id-ca360dfa05694e66a069abf2252a49b1"	"Contract"	"Licencias Otros"	""	""
"id-63e4c963d6a740fba889fc7285174b39"	"ApplicationComponent"	"ANDE en Línea"	""	""
"id-0313e917c3f140969652221aa6fe6212"	"ApplicationComponent"	"ANDE Movil"	""	""
"id-d144bce3aab345f49e9ff694491c5770"	"ApplicationComponent"	"Autorizador Tarjeta de Débito"	""	""
"id-17288346293a481ea19efad34aebce8f"	"ApplicationComponent"	"Autorizador Tarjeta de Débito (copy)"	""	""
"id-df3b1b279f034a6daaee4189a346e9c5"	"ApplicationComponent"	"Bonos Banhvi"	""	""
"id-e31a2da3ade84e94b6812134a93df656"	"ApplicationComponent"	"Call Rex"	""	""
"id-956176c3b18d43358589af2b5f5ce953"	"ApplicationComponent"	"Central Directa"	""	""
"id-60ac7a67a5a84d5cb4275fc70ca6ad11"	"ApplicationComponent"	"CGP SINPE"	""	""
"id-155e62a66d3348a5b7d702dc1544eb59"	"ApplicationComponent"	"Chat"	""	""
"id-25fb4efad027477fb8458224e774c346"	"ApplicationComponent"	"CIC"	""	""
"id-03249fb0bde44304a42da95207bbe2d6"	"ApplicationComponent"	"Coope Aistencia"	""	""
"id-985aea66c48e4b55b642e3011d0cd159"	"ApplicationComponent"	"Creddit Buro"	""	""
"id-1956574c754a41e0a9de019f5199ec1c"	"ApplicationComponent"	"Credit"	""	""
"id-447152e57f18484fb6a5dc46651e28ae"	"ApplicationComponent"	"ECM Onbase"	""	""
"id-8268fb4d35fd44c8bc02c3fe75f31402"	"ApplicationComponent"	"Enterprise ERP"	""	""
"id-3104847d42b84b5cbfabf15a9b841c7e"	"ApplicationComponent"	"ePower"	""	""
"id-b6ad564a65a445448cd2b7178364f5c7"	"ApplicationComponent"	"Factura Electróncia"	""	""
"id-cf50d59ac5af4807934ef89e6405de1e"	"ApplicationComponent"	"Firmador Digital"	""	""
"id-da8744d4fb2c4e918ff449ebc1d21f8f"	"ApplicationComponent"	"IsoTools"	""	""
"id-4e66079853434844bb4aa661c41a587d"	"ApplicationComponent"	"Marchamos"	""	""
"id-5bdd9bcbaefe4d45a4e2a6bede9d56fa"	"ApplicationComponent"	"Mas Banking App"	""	""
"id-2385001c31ac4842a64f75f612fcf997"	"ApplicationComponent"	"Money Center"	""	""
"id-64d45e56756a4d2c98b3e1ed92b198da"	"ApplicationComponent"	"NOC ServicioMonitoreoInfraestructura"	""	""
"id-215ed8229f29403d912169fc7e8753f8"	"ApplicationComponent"	"Notificaciones Masivas"	""	""
"id-7ba8e8513a71486886c816637bfcdd5a"	"ApplicationComponent"	"OnBase"	""	""
"id-f281bc4d4fc24b8290dfdfea170788ba"	"ApplicationComponent"	"Pignoración Polizas"	""	""
"id-949562c94da04863a6c69b1c910ae429"	"ApplicationComponent"	"Pipca"	""	""
"id-b14a301ec94e4b1581fd0f604a5da1ba"	"ApplicationComponent"	"PROMAT Mantenimiento"	""	""
"id-a97953e24a9a4675b889e0a18bfb1c4c"	"ApplicationComponent"	"Página Informativa"	""	""
"id-5eda2cdadf61463aa375d378635ead5c"	"ApplicationComponent"	"QR Quanto Riesgos"	""	""
"id-e8eee5151e97443884813e6d105ae17f"	"ApplicationComponent"	"QuickPass"	""	""
"id-d3cd4133f2ad4f7da98c1a31cbdb14e8"	"ApplicationComponent"	"RPA Automatización de Procesos"	""	""
"id-1daa06c809a9468d8ffc9bf59ea6fa60"	"ApplicationComponent"	"Service Desk"	""	""
"id-410d7f20a06742bfaf5c65e6d9540a95"	"ApplicationComponent"	"Sharepoint"	""	""
"id-77d0cf9d55934478b01e56d798b39a79"	"ApplicationComponent"	"Sicveca"	""	""
"id-936dbead013a45db93301bc6dbe51bca"	"ApplicationComponent"	"SIR - Marchamo"	""	""
"id-6c23fd37287c4ed1a3fc3daac67f5017"	"ApplicationComponent"	"Siscard"	""	""
"id-6cb3f4d7838a41be9b6265513e9039b0"	"ApplicationComponent"	"Sitio Transaccional"	""	""
"id-adcc8e9aa7454d43b98138c83f781a04"	"ApplicationComponent"	"SolinBanca"	""	""
"id-7371a4ae9dab41a18880005522d4b92d"	"ApplicationComponent"	"SUGEF Directo"	""	""
"id-d57e8937dc4943379a944509d28d1c4d"	"ApplicationComponent"	"Tableau"	""	""
"id-43593b3004234cb3b0a4ef4c02bff8d5"	"ApplicationFunction"	"Activos"	""	""
"id-48e319efd9554015ad0348717db3e6b5"	"ApplicationFunction"	"Activos Fijos"	""	""
"id-8c8055ffe3d34a3d8633b22465e7a06f"	"ApplicationFunction"	"Administrador de Documentos"	""	""
"id-e54aa09f675b4d989d4458e2f2c55437"	"ApplicationFunction"	"Administrador de Regionales"	""	""
"id-aef32662a2ef47f49894a22cafa58903"	"ApplicationFunction"	"Administrador de Salas"	""	""
"id-a6f2ea9cfc8446d5a8919f517c3cad2c"	"ApplicationFunction"	"Ahorros"	""	""
"id-54f6c515a561461783502bb3666b0fa6"	"ApplicationFunction"	"Antivirus y Antimalware"	""	""
"id-62913ece2b3c45d4a067a7494d0208ca"	"ApplicationFunction"	"Arrendamientos"	""	""
"id-c245402b3a7e4b4f9d5d8ba2d6d246cb"	"ApplicationFunction"	"Asamblea"	""	""
"id-7cf8d1fbd57349a685d97a4f16d3f924"	"ApplicationFunction"	"Bancos"	""	""
"id-d11aadad73444de8a195c5491d8cdb30"	"ApplicationFunction"	"Bonos de Vivienda"	""	""
"id-44d3d91876764b658e51242df8d66ba9"	"ApplicationFunction"	"Caja Chica"	""	""
"id-f85e26d42a554d62b49004922f876a41"	"ApplicationFunction"	"Cajas"	""	""
"id-8f399928269d4cc69482fd6b2791a49a"	"ApplicationFunction"	"Cajeros Automáticos"	""	""
"id-689803dc532141f2aff67fb219bc4521"	"ApplicationFunction"	"Capacitación"	""	""
"id-87723e8585af46bc8b750f1ecc66edf5"	"ApplicationFunction"	"Certificados"	""	""
"id-11c6a7ac1bf64871b01f2b36909c76ef"	"ApplicationFunction"	"Clientes"	""	""
"id-94db1f03472a49ecb5ea094fefe3c434"	"ApplicationFunction"	"Comisiones Asesores"	""	""
"id-26c659e694574ee78a5305735e05549b"	"ApplicationFunction"	"Comisión de Crédito"	""	""
"id-7daf54e4d38441d991738ed5bf956af1"	"ApplicationFunction"	"Comité de Educación"	""	""
"id-fe3c299d8952422ebd4ed0e6b55d80f2"	"ApplicationFunction"	"Compras"	""	""
"id-2d19cecdd8804ea3afbbee1969e34986"	"ApplicationFunction"	"Conciliación Bancaria"	""	""
"id-aa67f7889c304e18bc52f0c4b48a698c"	"ApplicationFunction"	"Contabilidad"	""	""
"id-d57df4ad2a684d4382e38c5e12cf5a90"	"ApplicationFunction"	"Contabilidad Devengada"	""	""
"id-325752875e6b4f2895a0b3e1f2875446"	"ApplicationFunction"	"CoopeAsistencia"	""	""
"id-af96792beb964b0baafddf5dbfdd80e5"	"ApplicationFunction"	"Coopetotal"	""	""
"id-b94662747d434ad8a0e5af850602c9f7"	"ApplicationFunction"	"Core"	""	""
"id-ea7842b39852402481e9753edc0346ac"	"ApplicationFunction"	"CRM"	""	""
"id-5d38fe24c1024abe9b9b906d83471883"	"ApplicationFunction"	"Crédito"	""	""
"id-7bb8e81849724329b5292c62d588982e"	"ApplicationFunction"	"Custodia"	""	""
"id-5c05aa029c794682bd9548f60413a0a1"	"ApplicationFunction"	"Deducciones"	""	""
"id-a2083411bf9d4345b113f7f609623367"	"ApplicationFunction"	"Dietas de Directorres"	""	""
"id-a48418fb275e4c15b67c79ca92bab174"	"ApplicationFunction"	"Evaluación del Desempeño"	""	""
"id-c3e5f92ccad54bf284a01960c1c2eb61"	"ApplicationFunction"	"Factura Electrónica"	""	""
"id-d6b23c2b651b4e1ca4513c1dde957496"	"ApplicationFunction"	"Flotilla Vehicular"	""	""
"id-dec58c12b86c4815a75518bfee1a50d3"	"ApplicationFunction"	"FOSOM"	""	""
"id-47836a5ae115411b837b9b28f9163ece"	"ApplicationFunction"	"Fuentes de Fondeo"	""	""
"id-6f2e66603efb4773ba5f787ad4b03197"	"ApplicationFunction"	"General"	""	""
"id-6652bf39e6e84c62bb0484c6bfef95d4"	"ApplicationFunction"	"Gestión de Cobro"	""	""
"id-7ed23fa2b8d3477a81a94e76b10bbebb"	"ApplicationFunction"	"Gestión de Costos"	""	""
"id-c9235cd270c84406971c5049b921fb13"	"ApplicationFunction"	"Gestión de Solicitudes"	""	""
"id-b3172ef212924ada82befe51f8173eb7"	"ApplicationFunction"	"Inversiones Transitorias"	""	""
"id-455d3576dcf84d7abe4cf83c9e91af18"	"ApplicationFunction"	"Liquidaciones de Renuncias"	""	""
"id-23180fe8c9144a3587ff3f64eab39096"	"ApplicationFunction"	"Mensajería Interna"	""	""
"id-c6194499f1754395b3afc389896ff1f7"	"ApplicationFunction"	"Mercadeo"	""	""
"id-6a82c8fe006d43578c863bcb0bb8a3fd"	"ApplicationFunction"	"Módulo de Seguridad"	""	""
"id-a82970961064416a8f5feb84e8d31b63"	"ApplicationFunction"	"Notificacioens Correo y SMS"	""	""
"id-d17b523cd3694470bab6b4bf7c39bf24"	"ApplicationFunction"	"Obligaciones Financieras"	""	""
"id-139538342bb04d04843f91e0978905ac"	"ApplicationFunction"	"Oficialía de Cumplimiento"	""	""
"id-ced2d3ee6d184c1aaf085811e15ee5c2"	"ApplicationFunction"	"Operativos"	""	""
"id-8182cb97976643008a6e18d96d2d3ae3"	"ApplicationFunction"	"Pago Automático Salarios SINPE PASS"	""	""
"id-5040ec00a04c482298ecb108deba8259"	"ApplicationFunction"	"Pagos Automáticos de Recibos"	""	""
"id-db34bbaa23fd45f2930a7627f7c035a8"	"ApplicationFunction"	"Patrocinios"	""	""
"id-0ecf8038b457457dbe2a832c367d5c57"	"ApplicationFunction"	"Perimetrales"	""	""
"id-75ffad3481d0413ca75b4ced79868424"	"ApplicationFunction"	"Polizas"	""	""
"id-0eefcd0e3c744925845941ddf350997f"	"ApplicationFunction"	"Programa de Estabilidad Financiera"	""	""
"id-6539db82cbf04ba19db9e9289f055294"	"ApplicationFunction"	"Programa de Lealtad"	""	""
"id-cfabb48231a94c17839097dcda51f737"	"ApplicationFunction"	"Prospección de Negocios"	""	""
"id-eb83ac5c3ccf41eca4ab3feb6af43cd4"	"ApplicationFunction"	"Página Transaccional"	""	""
"id-d8010143ded54f71b0104b1e02f89f26"	"ApplicationFunction"	"Riesgo"	""	""
"id-acd552e9cd424aa29c10d1596fd174c5"	"ApplicationFunction"	"SINPE"	""	""
"id-d8af45ecf79e4a889ad6340dfdb66d3d"	"ApplicationFunction"	"Sistema de Información Gerencial"	""	""
"id-985887fccc684e8c9e767d4feb92f55f"	"ApplicationFunction"	"Sistemas de Información"	""	""
"id-bfed1e0d23e14e1d90fe066f06848503"	"ApplicationFunction"	"Solicitudes de Servicio"	""	""
"id-83351599a5b441568f20a063e9722f15"	"ApplicationFunction"	"Subsideos"	""	""
"id-82ce5c6bc861481baa3cec5c79e1d8d7"	"ApplicationFunction"	"Suficiencia Patrimonial"	""	""
"id-c3d9ce694ab84b228bf41ce491d51ff1"	"ApplicationFunction"	"SUGEF SolinBanca"	""	""
"id-0c218c9686a0484d9f07889bc33b9192"	"ApplicationFunction"	"SUGEF XML"	""	""
"id-90020adbda02431fbf6e10c781d9ea3f"	"ApplicationFunction"	"Sugerencias"	""	""
"id-ee1f6643c3204feaa6b4b14f231798a7"	"ApplicationFunction"	"Tarjetas de Crédito"	""	""
"id-9ccc5d4a1e95470d8e3070eb70359f69"	"ApplicationFunction"	"Tarjetas de Débito"	""	""
"id-b27689a27f0b47d2b6da6cbca6aa8dcf"	"ApplicationFunction"	"Viáticos e Imprevistos"	""	""
"id-7f036ad2bfea4611b69a7914ea6355a5"	"ApplicationInterface"	"bpBN Servicios"	""	""
"id-a69730108dcd4a798113a877e09e295e"	"ApplicationInterface"	"bpComisiones SINPE"	""	""
"id-9659e4d66e3c4a228a233ca5a1782474"	"ApplicationInterface"	"bpEnvio de Correos"	""	""
"id-d92dd2620d164dc2b96469b3fb8b4ee7"	"ApplicationInterface"	"bpFirmador Digital BCR"	""	""
"id-65466273a74840dab43bdba14fc6c5fb"	"ApplicationInterface"	"bpOnBase"	""	""
"id-a47442c6b2fa40cbbc94a50311af5291"	"ApplicationInterface"	"bpQuickpass"	""	""
"id-e7a8fcdce5ab480dbded4e7e724b32d4"	"ApplicationInterface"	"Interoperativas"	""	""
"id-edbf4ed987ac44ec8f174f91f5968593"	"ApplicationInterface"	"ORDS"	""	""
"id-c9b86f931ca74d1eb3f8ba82cd319e03"	"ApplicationInterface"	"Tarjeta Crédito Evertec"	""	""
"id-7da3f3d13c9a4229a15fac833e414ce4"	"ApplicationInterface"	"wsBN Servicios"	""	""
"id-c5cb5b7f20694410ae4fa5706babe04d"	"ApplicationInterface"	"wsCGP Sinpe"	""	""
"id-e6b83a5177264f53893968509385fc92"	"ApplicationInterface"	"wsCoopeAnde Asistencia"	""	""
"id-1cdf5bfa9edd4aae9a1e61d3fec30350"	"ApplicationInterface"	"wsCore"	""	""
"id-0282275118e84d3bbcf7f9868d52a1fa"	"ApplicationInterface"	"wsCredit Buro"	""	""
"id-c2d475b992dc45078a08a1a14ea28f5d"	"ApplicationInterface"	"wsFactura Electrónica"	""	""
"id-23e5af0708fb4467b610560f4fcb29a4"	"ApplicationInterface"	"wsFirmador Digital"	""	""
"id-f48a88b2814a4995a1f9753787f5d4a6"	"ApplicationInterface"	"wsIDCheck"	""	""
"id-975100ce48f24c8791888e2cacfedfd6"	"ApplicationInterface"	"wsMas Banking App"	""	""
"id-0af5506e7b3d465bbeda8d56ef92dba3"	"ApplicationInterface"	"wsMoney Center"	""	""
"id-f8afab317dcb4a1c950221d8f8cfb2cb"	"ApplicationInterface"	"wsNotificaciones Masivas"	""	""
"id-ee71097890f7455c8489f6bcc41f3675"	"ApplicationInterface"	"wsOnBase"	""	""
"id-a709f95e3fc0437db98754d4d4608194"	"ApplicationInterface"	"wsPipca"	""	""
"id-ee500c562aef4e73adae4f70cb5f5c3e"	"ApplicationInterface"	"wsSINPE Movil"	""	""
"id-c1b4b1e130fb4ee685452af164744edd"	"ApplicationInterface"	"wsSIR Marchamo"	""	""
"id-ed875090cf5d458bb346eec31527bfc4"	"ApplicationService"	"Core Services"	""	""
"id-fa4b6cfc9f3b43e8ac00841c15d1cc5e"	"Artifact"	"App"	""	""
"id-bc8957494eb246739773d2f306c4f238"	"Artifact"	"BI"	""	""
"id-d840f8384e804d509abde282ec7f2241"	"Artifact"	"Data Sicence"	""	""
"id-7f2a16be767541d690eea4f8e95c27cf"	"Artifact"	"OnBase"	""	""
"id-90eb302fd784418db7b5cf8bcfed34b3"	"Artifact"	"PROMAT"	""	""
"id-48322fd5bdb44942a4e1228de24cdf28"	"Artifact"	"QuickPass"	""	""
"id-0340b153db5e4516b128a2c470c216c7"	"Artifact"	"Service Desk"	""	""
"id-f2ca3416b8274555859ed28aa4d60c4c"	"Artifact"	"SINPE"	""	""
"id-bc4e28a262ce4f98aaeee2cf0cb04816"	"Artifact"	"SolinBanca"	""	""
"id-c2d0c8652e8a4d718275e5dd34132da6"	"Artifact"	"Toma Activos"	""	""
"id-a4cf18ff5ca44e47b4dc9df275b4d2ed"	"CommunicationNetwork"	"Administración VPN"	""	""
"id-82550e79593c4a21b6f60247a9fc62f8"	"CommunicationNetwork"	"Agencias y Edificios"	""	""
"id-76b4c4ddd9b84964975b5768f12284c4"	"CommunicationNetwork"	"Analítica para red de asociados"	""	""
"id-341ee850b35345cbb8db89f067986fa3"	"CommunicationNetwork"	"Cableada"	""	""
"id-92fa59e18b9d4a54bc57d7945ffdf2cc"	"CommunicationNetwork"	"DMZ"	""	""
"id-4720b0bc69b94303b1645a899089c4ab"	"CommunicationNetwork"	"Enlaces de Internet"	""	""
"id-432be22574b24434aa9db3020b9e1ed4"	"CommunicationNetwork"	"Inalámbrica"	""	""
"id-83b6de40dbaf4bc3a523098033f534e1"	"CommunicationNetwork"	"NATs"	""	""
"id-b282aec696124ca8bb558a764cebf16e"	"Device"	"ATM"	""	""
"id-8ec434fcf788459b9602f0329931dcf8"	"Device"	"Central Telefónica"	""	""
"id-a2417deb27524d08909e1128d720d9f1"	"Device"	"Computadores"	""	""
"id-49040fed82dd4759ae0f75d62996bb03"	"Device"	"Dispositivos Móbiles"	""	""
"id-e0ebac0092d34855bd03aeda4db04bcb"	"Device"	"File Server"	""	""
"id-e5f5bc0517d8463a8fc37aaad921a06b"	"Device"	"Físicos"	""	""
"id-358695ea3b064e0e8394d8a29652845e"	"Device"	"Impresoras"	""	""
"id-ccbe009120e04ea48ff9f58fa8687809"	"Device"	"Pantallas de Autoservicio"	""	""
"id-4c1eeae175a1460ea22a994d40333d8e"	"Device"	"Virtuales"	""	""
"id-ca33bb22e8fb43d89fc41c88036f39f4"	"Device"	"VMWare"	""	""
"id-17be19dd04a04cb79ca43cedad81b7b7"	"Facility"	"Alterno"	""	""
"id-9bd9d140767e46e29a2099428e6eb06d"	"Facility"	"Banco Central"	""	""
"id-eb1c32ceac5b498ab27d6bb4fca5df45"	"Facility"	"BANHVI"	""	""
"id-698d4cbaf468444b98c4191a3910ff26"	"Facility"	"Evertec"	""	""
"id-db059c2c21964563a30328c90a215169"	"Facility"	"Hoggier"	""	""
"id-94fbf52e54d947df99a6dfc7b90091e8"	"Facility"	"Nube"	""	""
"id-69da15dbe2594bf79e8133fcf8ea7f8b"	"Facility"	"Principal"	""	""
"id-0263e98a331f470e96d72b87f7e40bbd"	"Facility"	"Puntos Money Center"	""	""
"id-9becee710eca4b58becb1c072cbe1a02"	"Path"	"SSH"	""	""
"id-5f4cf514f7024a0199a6bbb8d44336cb"	"Path"	"VPN"	""	""
"id-0390a466f55d4f60a6aec1e00cf92931"	"SystemSoftware"	".Net"	""	""
"id-bbb597ef29774f6b9783d6cad347e064"	"SystemSoftware"	"Active Directory"	""	""
"id-dcb768db1f3144d282262c09d56cddbd"	"SystemSoftware"	"Android"	""	""
"id-7e2d00b4f93f441da91fd621c91599f6"	"SystemSoftware"	"Antispan"	""	""
"id-e5aaec170e244105abadb2b14e96bb6d"	"SystemSoftware"	"Apache Tomcat"	""	""
"id-67862b457e5a4d4bad1ac153e18a587d"	"SystemSoftware"	"APEX"	""	""
"id-2f77577dede341f3a73c470f2a2744e8"	"SystemSoftware"	"ASP.Net"	""	""
"id-1d8685805928411396af461ef6e2d5ed"	"SystemSoftware"	"Automation Anywhere"	""	""
"id-4d8c9cf2e0d24d238791b015d1b16c06"	"SystemSoftware"	"AWS codecommit"	""	""
"id-c50806ea7ae14a8fbb8602c004d1de5e"	"SystemSoftware"	"Bizagi"	""	""
"id-8bfdff8475e4440c9c95a312517f76e7"	"SystemSoftware"	"Box"	""	""
"id-6948d724adb14a059c061627a6eab4c4"	"SystemSoftware"	"Call Manager"	""	""
"id-3c680f4b6229426cbdb988217a49f006"	"SystemSoftware"	"Chat bots"	""	""
"id-8254a291ea584db1a0f82372958e7677"	"SystemSoftware"	"Cisco MDS"	""	""
"id-901a029cfc3441409a6075c836a10897"	"SystemSoftware"	"Core Bancario"	""	""
"id-65ff49b52a9048ea86709117725df452"	"SystemSoftware"	"DRS"	""	""
"id-c4380254b56945e09c062d1fa8f11051"	"SystemSoftware"	"Eclipse"	""	""
"id-3dbff46e35674dfabfd0a7037c485eb7"	"SystemSoftware"	"Erlang"	""	""
"id-c9b799d196fb4ea19fa37cd581b72ff1"	"SystemSoftware"	"Excel"	""	""
"id-56321d3136614bcfa45fa6692366b34a"	"SystemSoftware"	"Glassfish"	""	""
"id-b90e266e89854291bdebbe0534824091"	"SystemSoftware"	"Go"	""	""
"id-6f4fd36360af4af892d20ffaba1cf867"	"SystemSoftware"	"IBM DB2"	""	""
"id-59929d64c59742ebbca1e2abdd1992fd"	"SystemSoftware"	"IBM MQ"	""	""
"id-66c3818a038341668429339fabd5989a"	"SystemSoftware"	"IBM Watson"	""	""
"id-191c06a1f9884dc8a068c3e9918b3614"	"SystemSoftware"	"IDEA"	""	""
"id-7dd4247f5a744ed6b2e63f32d4312195"	"SystemSoftware"	"IIS"	""	""
"id-8b8b3e6f63b6493cb79d792c4aaa382b"	"SystemSoftware"	"Impresión de Carnet"	""	""
"id-6a172a19ed024a71809f1bda06132292"	"SystemSoftware"	"InfoBanca - InfoFlujo"	""	""
"id-86236422593e45528d34a68adbeb7cbe"	"SystemSoftware"	"Informática"	""	""
"id-bd785c869cb940b4bc1c50ba1e47f554"	"SystemSoftware"	"IntelliJ Idea"	""	""
"id-f188caa6245c4e199b460ac74bbc48d8"	"SystemSoftware"	"Intercambio de archivos"	""	""
"id-53b316d243804816acbe48684b9b9453"	"SystemSoftware"	"ISO Tools"	""	""
"id-ce0f2d9ddcdc4ac19152cfba6611dc07"	"SystemSoftware"	"Java"	""	""
"id-de9f35f633584cd9a4b25c3675d186f8"	"SystemSoftware"	"JDeveloper"	""	""
"id-8fd6c33ab7c940798590c394ee3d6e1c"	"SystemSoftware"	"Keycloack"	""	""
"id-9d80aa7c628141dfa2acbb5d877bbdb9"	"SystemSoftware"	"Linux"	""	""
"id-e489280aff2141c6a19783c94d269b02"	"SystemSoftware"	"Marcadores Predictivos"	""	""
"id-6fa334493fdc457cb4d714a6ed28a8a6"	"SystemSoftware"	"Microsoft SQL"	""	""
"id-c4be2e0d907e4f9a9e49e4ea7901890a"	"SystemSoftware"	"NodeJs"	""	""
"id-3d06929ea05a4598ad3dcf84147bf60f"	"SystemSoftware"	"OA-WAS-SAP"	""	""
"id-2dda7453935e4fc787746a64220fdaf7"	"SystemSoftware"	"Office 365"	""	""
"id-f8067cae5df94a0391f81452cee154c9"	"SystemSoftware"	"OHS"	""	""
"id-7bd1e2b1315345ed82e5b9d7c755c6fe"	"SystemSoftware"	"OneBase"	""	""
"id-62f31039291b4c79a22a69ae02da0993"	"SystemSoftware"	"OneDrive"	""	""
"id-db5cb52b4d7c4e5c8a92c001d8ec1f46"	"SystemSoftware"	"Oracle DB"	""	""
"id-6584a0c8a6484048924d1288a3636c54"	"SystemSoftware"	"Oracle Forms/Report"	""	""
"id-b51bab951add4217a875410d592aaf1f"	"SystemSoftware"	"Oracle OVM"	""	""
"id-b213eb11d99f47699f32e1f6c075f23e"	"SystemSoftware"	"ORDS"	""	""
"id-731de004590e4fd9aff7ccc096f05ae8"	"SystemSoftware"	"PL/SQL Developer"	""	""
"id-78ccc4febc2f4f768d7e77c4c677929b"	"SystemSoftware"	"Postman"	""	""
"id-53f4ba782e7d4936bf4d4aedfec85913"	"SystemSoftware"	"PowerBI"	""	""
"id-98272bac32e246b6bc47379b2f6757c8"	"SystemSoftware"	"Python"	""	""
"id-81aec87ef51e4489baebc8340fe045b8"	"SystemSoftware"	"Rabbit MQ"	""	""
"id-43ef314ebb9c445aaaaa3501015400d9"	"SystemSoftware"	"Relay de Correo"	""	""
"id-b5e3a48d67aa4eeea48b2bbdb45b7c4b"	"SystemSoftware"	"Share File"	""	""
"id-e83cb5febfaf47f19c895ecc98debc38"	"SystemSoftware"	"Sharepoint"	""	""
"id-539a77336db64552bb53ee636a02b182"	"SystemSoftware"	"Sharepoint Onpremises"	""	""
"id-419224f77dbe4f85865149d26a78416d"	"SystemSoftware"	"Sharepoint Repo"	""	""
"id-b7966cefa93643f79879b3c7df7d689d"	"SystemSoftware"	"SIR Marchamos"	""	""
"id-207c04efbf2741018ad2cd2d8437512d"	"SystemSoftware"	"Sitio Transaccional"	""	""
"id-ea3dd9eb2dac4ded8b5a4fc982552a5f"	"SystemSoftware"	"SOAP UI"	""	""
"id-eca5bc545cdb4a8b8c40c8e5eb8f15d7"	"SystemSoftware"	"SolarWins"	""	""
"id-a5e4ceea44184f0fbddc90a1dde70ef5"	"SystemSoftware"	"Sonar Qube"	""	""
"id-cb591a0805f64f04856d021b0b820870"	"SystemSoftware"	"Spring Developer Tools"	""	""
"id-da33dca6ae3c4ac9bf96837aa68c8413"	"SystemSoftware"	"SQL Optimizer for Oracle"	""	""
"id-30686bc89e414b5e957e92c0bc2539f2"	"SystemSoftware"	"SQL Server"	""	""
"id-8daaa578ad0544e4b93ef082774c8bfa"	"SystemSoftware"	"Subversion"	""	""
"id-75e332b3326d4f9a99e2fc0818211049"	"SystemSoftware"	"Swagger"	""	""
"id-02dc09d15b8444c6854384b17605fcb5"	"SystemSoftware"	"Swift"	""	""
"id-84f7a5531be440a29a2019db8c22e988"	"SystemSoftware"	"Tableau"	""	""
"id-7533ad6a93e444e0a97397d7e081d9bf"	"SystemSoftware"	"TACSAC"	""	""
"id-a217b9f21842413fb74bca280d88a0a3"	"SystemSoftware"	"Toad Data Modeler"	""	""
"id-7850b73d6376404d90dc327e9286ec75"	"SystemSoftware"	"Visual Studio"	""	""
"id-8927b73a93f449a4b4fd9f177a16bab2"	"SystemSoftware"	"VMotion"	""	""
"id-2056db53357342d3af9796e42eb30796"	"SystemSoftware"	"VMWare"	""	""
"id-2ca0811eb47d46bdac881999b012e2b4"	"SystemSoftware"	"Web Services"	""	""
"id-2c5a0935b039404cbddb184ee6260852"	"SystemSoftware"	"Weblogic"	""	""
"id-2a925bdd5a50499dab3916c2b91034df"	"SystemSoftware"	"XCode"	""	""
"id-21c6cc20609f421bbc9ad2a4b99c98c6"	"TechnologyCollaboration"	"Chat en línea"	""	""
"id-af43920588564013bf583243ccdd2e18"	"TechnologyCollaboration"	"Microsoft Teams"	""	""
"id-ab6d78cdf80b432a9927017395cc2fd2"	"TechnologyFunction"	"Active Directory"	""	""
"id-8322dc854d0c43b1a5ec14f0103ed14a"	"TechnologyFunction"	"Administración Central Telefónica"	""	""
"id-540f39e5e5054b2e8247b2f30d76b06a"	"TechnologyFunction"	"Administración de Dispositivos Móbiles"	""	""
"id-7e789312a8914a1fbdafcf80148a55ba"	"TechnologyFunction"	"Administración de Monitoreo"	""	""
"id-1d819a51d38c4902beaeead9f828249b"	"TechnologyFunction"	"Administración de Servidores"	""	""
"id-3c01de978fbb4bda8fd9f840c97bdbe9"	"TechnologyFunction"	"Administración del Almacenamiento"	""	""
"id-d6e1cc5025a14ad39c933dfc5e203ee6"	"TechnologyFunction"	"Administración del Dashboard"	""	""
"id-2e18bd8f0ca7425a9d776828f46ffb88"	"TechnologyFunction"	"Administración del NAC"	""	""
"id-d01a27e84e0649d1aa5da555e2208881"	"TechnologyFunction"	"Administración Middleware"	""	""
"id-a86af3f5728a4732b2aaf3f257ef818e"	"TechnologyFunction"	"Administración Sitios de Procesamiento"	""	""
"id-569573a17fe44acfa47efb2a8f655297"	"TechnologyFunction"	"Antivirus y Antimalware"	""	""
"id-a95cc901a6954ec192b1b08dabe41111"	"TechnologyFunction"	"API Rest (Ext)"	""	""
"id-5e5e83fd717d40b59aa086072cb1f381"	"TechnologyFunction"	"API Rest (Int)"	""	""
"id-6673c1fe4c584a3481a5273a5fe6c7a7"	"TechnologyFunction"	"Aplicativos de Colaboración"	""	""
"id-68948ac028c8441e920bfbb6e6a04e22"	"TechnologyFunction"	"Bypass IIS"	""	""
"id-2392d6e24bea43de903d190eed81e475"	"TechnologyFunction"	"Ciencia de Datos"	""	""
"id-449c9b0440fe4d89b39ad44530c7fd34"	"TechnologyFunction"	"Conexión Directa"	""	""
"id-e6c036ea8d2f4cdebd39dbc68d4db7bb"	"TechnologyFunction"	"Contact Center"	""	""
"id-acc7535f47bc4c6ea753c5b708b65c5d"	"TechnologyFunction"	"Correlación de Eventos"	""	""
"id-b1f0a70c636b4612a7d95e63c91c5072"	"TechnologyFunction"	"Definición de Estándares"	""	""
"id-6c5092a485734e05b8f68f26f2652c85"	"TechnologyFunction"	"Detección de Alertas"	""	""
"id-4c463438a02d43c8b4d55c9c45850cf1"	"TechnologyFunction"	"Enlace de Datos con Terceros"	""	""
"id-6afde3d1fe594f55a9cd414eda5705e4"	"TechnologyFunction"	"Enlaces de Comunicación"	""	""
"id-5900a8d52bfd4af48a8f360b1c874b2b"	"TechnologyFunction"	"Enmascaramiento de datos"	""	""
"id-5e8ed4643f6047278462bd8271f9c16b"	"TechnologyFunction"	"Estándares Tecnológicos"	""	""
"id-60652d813ec444e5a3184ab0ef97687b"	"TechnologyFunction"	"Gestión de Certificados y DNS"	""	""
"id-996995356116460bb837b8dcff56028a"	"TechnologyFunction"	"Gestión de Ciberseguridad"	""	""
"id-368ed28bd6574113b9d99e62db557899"	"TechnologyFunction"	"Gestión de Correo"	""	""
"id-e983d9a8f9f247879fe0ae8dada7acf0"	"TechnologyFunction"	"Gestión de Entidades"	""	""
"id-ea93fd36ab234bf8bed04f1e61ec54ab"	"TechnologyFunction"	"Gestión de Identidad"	""	""
"id-2df51623ecd943b1a1411c84b828934b"	"TechnologyFunction"	"Gestión de Identidades"	""	""
"id-882559e7d5cc42c3876174fcb3fd91a3"	"TechnologyFunction"	"Gestión de Licenciamiento"	""	""
"id-9c862f3694224bf68a1ab6cf2de69d43"	"TechnologyFunction"	"Gestión de Pistas de Auditoría"	""	""
"id-ab8cf14ceda14a35a97d69c6499634fb"	"TechnologyFunction"	"Gestión de Vulnerabilidades"	""	""
"id-a6e7a34317f344e4ac6e59bf18b257d9"	"TechnologyFunction"	"Grabación de Llamadas"	""	""
"id-12158c3fc41a4afda27ca39e1998153b"	"TechnologyFunction"	"Hypervision"	""	""
"id-0792aac605b24c09a0b819b03aee6acb"	"TechnologyFunction"	"Motores BD"	""	""
"id-34fd6363a7fa4330bff4fe96110789d5"	"TechnologyFunction"	"Perfilamiento y Gestión de Roles Core Bancario"	""	""
"id-bf7c3484622440ad85c3270f8b3d656e"	"TechnologyFunction"	"Permisos Accesos Navegación"	""	""
"id-3a0f8817a07c4359b525292be90a35e1"	"TechnologyFunction"	"Portales"	""	""
"id-0452a4aca7354a54ab94e84cf7e08cdf"	"TechnologyFunction"	"Publicación de Servicios"	""	""
"id-2ca5419aef0b477c84379ff52dbb455b"	"TechnologyFunction"	"Redes"	""	""
"id-c22dd592cd9e473189aa16be778b5aae"	"TechnologyFunction"	"Replicación"	""	""
"id-adb0788125de434fb5f64bf5e3885d44"	"TechnologyFunction"	"Reportería"	""	""
"id-881cd3373d7844d399540cb8bf4f833a"	"TechnologyFunction"	"Repositorios"	""	""
"id-57b0687f315848609dbf2b60f335159c"	"TechnologyFunction"	"Respaldos y Recuperaciones"	""	""
"id-5568aac7570746de8c7ddf0021b3363f"	"TechnologyFunction"	"Sockets"	""	""
"id-fb55c3fc7ca146b5bb44f19433a6c072"	"TechnologyFunction"	"SSO"	""	""
"id-9d51769bfb5a4fb7b1a40aaf0eca283b"	"TechnologyFunction"	"Web Services Conectividad"	""	""
"id-e58960befe694a7780921075d193ab18"	"TechnologyFunction"	"Web Services Externos"	""	""
"id-199efac4746b402bbc3b3b7eb2932b3a"	"TechnologyFunction"	"WebServices"	""	""
"id-010f156c59dd42a6bf3464277229321c"	"TechnologyInterface"	"Comisiones SINPE"	""	""
"id-19a480c9ef6f4867854a05f974c3f939"	"TechnologyInterface"	"Integración con redes sociales"	""	""
"id-8fd023b0eee34254abfec16963a2ac42"	"TechnologyInterface"	"Interconexión Almacenamiento con servidores"	""	""
"id-0f4efa77c289407f9c06f0c55ae4f741"	"TechnologyInterface"	"Tramas Evertec"	""	""
"id-a4992d4d81514a1ab8d6a9a6b9ae509e"	"TechnologyProcess"	"CISCO HA"	""	""
"id-405e2acf46ee47a39736f671f21fc5d8"	"TechnologyProcess"	"Oracle Standby"	""	""
"id-6b3d8fa0bd6a42d087972cb06f577be9"	"TechnologyProcess"	"Replicación Nativa Windows"	""	""
"id-1d3eb43020d5494fbb2d78dae48848f7"	"TechnologyProcess"	"SQL Mirroring"	""	""
"id-d6183782cfb5486f89da9d037ae8f437"	"TechnologyProcess"	"WebLogic Resync"	""	""
"id-c8d6c7c8b2e04d8cb298a9d6318dbf5f"	"TechnologyService"	"Empleados"	""	""
"id-3c10002d53334657af25d7a5ceaff8db"	"TechnologyService"	"Hardware Motores de Bases de datos"	""	""
"id-937bb8315c8a4f67bf192088a6eb1d6c"	"TechnologyService"	"Hardware Respaldos"	""	""
"id-aa7f3f63a5f04c3680e2300e34a97ba5"	"TechnologyService"	"LDAP"	""	""
"id-bbf2ecd206764b07a4a51d93479027e6"	"TechnologyService"	"Modelado de datos"	""	""
"id-868dcc15cd2440c2b1058576f4bce013"	"TechnologyService"	"Modelos Predictivos"	""	""
"id-6f2636f7953446edbd03677437a96b91"	"TechnologyService"	"MSA"	""	""
"id-0f5a2d449bd4459e96416906d7b8c049"	"TechnologyService"	"Netbackup"	""	""
"id-1480254b33514e94b3aa751d6587e96a"	"TechnologyService"	"Oracle Web Logic"	""	""
"id-8cf4a253bc7b4a41870ae4d57ffa053e"	"TechnologyService"	"Programación"	""	""
"id-8a9d93d7eb8a4ed682056596b9c6100f"	"TechnologyService"	"Pure Storage"	""	""
"id-bd216dd5340744b69455f87ec6a08243"	"TechnologyService"	"Usuarios Asociados"	""	""