"ID","Type","Name","Documentation","Source","Target","Specialization"
"id-aa4a61214aed40f6991cbe5df515cac4","AggregationRelationship","","","id-ea93fd36ab234bf8bed04f1e61ec54ab","id-bf7c3484622440ad85c3270f8b3d656e",""
"id-6b7a5e76ef894e4dace054be9b84ac62","AggregationRelationship","","","id-ea93fd36ab234bf8bed04f1e61ec54ab","id-34fd6363a7fa4330bff4fe96110789d5",""
"id-1e7e3235e1964bb1b669107982acfa83","AggregationRelationship","","","id-996995356116460bb837b8dcff56028a","id-2e18bd8f0ca7425a9d776828f46ffb88",""
"id-b42ea23b0b8741fdb0f37eed51e74cc8","AggregationRelationship","","","id-996995356116460bb837b8dcff56028a","id-ab8cf14ceda14a35a97d69c6499634fb",""
"id-b04030181a9c4b02abfc60dd6ab4f617","AggregationRelationship","","","id-996995356116460bb837b8dcff56028a","id-acc7535f47bc4c6ea753c5b708b65c5d",""
"id-4f481f0817fd481aa38eacfe430d3995","AggregationRelationship","","","id-996995356116460bb837b8dcff56028a","id-569573a17fe44acfa47efb2a8f655297",""
"id-c891b3ace056446490aa8f357afce55b","AggregationRelationship","","","id-996995356116460bb837b8dcff56028a","id-9c862f3694224bf68a1ab6cf2de69d43",""
"id-2d32655b13074954b26261994c38e238","AggregationRelationship","","","id-996995356116460bb837b8dcff56028a","id-540f39e5e5054b2e8247b2f30d76b06a",""
"id-2885fe4242244de989f68b4e42c2444d","AggregationRelationship","","","id-996995356116460bb837b8dcff56028a","id-6c5092a485734e05b8f68f26f2652c85",""
"id-29efa09442514be99b0769534582d425","AggregationRelationship","","","id-8322dc854d0c43b1a5ec14f0103ed14a","id-a6e7a34317f344e4ac6e59bf18b257d9",""
"id-eefdc79832444f7d9d48ec81e47668ce","AggregationRelationship","","","id-8322dc854d0c43b1a5ec14f0103ed14a","id-e6c036ea8d2f4cdebd39dbc68d4db7bb",""
"id-629857d367f84b1e87cce16415a8dc04","AggregationRelationship","","","id-8322dc854d0c43b1a5ec14f0103ed14a","id-d6e1cc5025a14ad39c933dfc5e203ee6",""
"id-b6044358ec18411c8d51675b2ff6b925","AggregationRelationship","","","id-8322dc854d0c43b1a5ec14f0103ed14a","id-adb0788125de434fb5f64bf5e3885d44",""
"id-baefba00490247229f9ed5a726009e80","AggregationRelationship","","","id-c22dd592cd9e473189aa16be778b5aae","id-405e2acf46ee47a39736f671f21fc5d8",""
"id-5dcb5198cdec4d16bab6cb7c3dd2513f","AggregationRelationship","","","id-ca33bb22e8fb43d89fc41c88036f39f4","id-8927b73a93f449a4b4fd9f177a16bab2",""
"id-0880072b8697401c8987e66a5d938ec2","AggregationRelationship","","","id-ca33bb22e8fb43d89fc41c88036f39f4","id-65ff49b52a9048ea86709117725df452",""
"id-94f6841f16744a459772a23a0ad6d0a6","AssignmentRelationship","","","id-6c23fd37287c4ed1a3fc3daac67f5017","id-ed875090cf5d458bb346eec31527bfc4",""
"id-62dc8eed0a8942a0817606226e8c3b85","AssignmentRelationship","","","id-5f4cf514f7024a0199a6bbb8d44336cb","id-199efac4746b402bbc3b3b7eb2932b3a",""
"id-1a7bfde27b6c4ea8aedc25449e60983f","AssignmentRelationship","","","id-5f4cf514f7024a0199a6bbb8d44336cb","id-a95cc901a6954ec192b1b08dabe41111",""
"id-82ea04c54ea54f7e914d821ac35617c9","AssignmentRelationship","","","id-5f4cf514f7024a0199a6bbb8d44336cb","id-eb1c32ceac5b498ab27d6bb4fca5df45",""
"id-ea50963195ba41e5a205d8e175a95803","AssignmentRelationship","","","id-5f4cf514f7024a0199a6bbb8d44336cb","id-db059c2c21964563a30328c90a215169",""
"id-5bd99a9275cd4e79bef3e71fa06995dc","AssociationRelationship","","","id-ed875090cf5d458bb346eec31527bfc4","id-6c23fd37287c4ed1a3fc3daac67f5017",""
"id-3938aa36629f4d7ca82279b8066ea611","AssociationRelationship","","","id-69da15dbe2594bf79e8133fcf8ea7f8b","id-a86af3f5728a4732b2aaf3f257ef818e",""
"id-f9c71ddb8b12463f80bebc672b5e7582","AssociationRelationship","","","id-7bd1e2b1315345ed82e5b9d7c755c6fe","id-eb637af41abb47598ba8ccf62085557c",""
"id-198e0411084d43c89e2d33d00fa04e72","AssociationRelationship","","","id-921a13d7f5914142a6af210bb5a7ba07","id-a217b9f21842413fb74bca280d88a0a3",""
"id-6ceb96b91e124fd6952c01528229af5c","AssociationRelationship","","","id-84f7a5531be440a29a2019db8c22e988","id-921a13d7f5914142a6af210bb5a7ba07",""
"id-521725407f56403c8e2d70558ebb44b7","AssociationRelationship","","","id-53f4ba782e7d4936bf4d4aedfec85913","id-921a13d7f5914142a6af210bb5a7ba07",""
"id-013b73e2f3644d49b092c37f53944d81","AssociationRelationship","","","id-1d8685805928411396af461ef6e2d5ed","id-921a13d7f5914142a6af210bb5a7ba07",""
"id-d2541a9267f34fbda120049c5d8839d8","AssociationRelationship","","","id-d144bce3aab345f49e9ff694491c5770","id-921a13d7f5914142a6af210bb5a7ba07",""
"id-eb8ec2731193490ea3afe7d6535b6af3","AssociationRelationship","","","id-921a13d7f5914142a6af210bb5a7ba07","id-410d7f20a06742bfaf5c65e6d9540a95",""
"id-6fc16d159e714d7d98d2d620179eb654","AssociationRelationship","","","id-2056db53357342d3af9796e42eb30796","id-921a13d7f5914142a6af210bb5a7ba07",""
"id-e2bea71aed0e48be998cf470bec52c81","AssociationRelationship","","","id-1daa06c809a9468d8ffc9bf59ea6fa60","id-921a13d7f5914142a6af210bb5a7ba07",""
"id-40d2065d219e49d1a4e05fb032503cf4","AssociationRelationship","","","id-4d8c9cf2e0d24d238791b015d1b16c06","id-921a13d7f5914142a6af210bb5a7ba07",""
"id-7e1730c875f243c39362ea77715cdc4f","AssociationRelationship","","","id-6584a0c8a6484048924d1288a3636c54","id-921a13d7f5914142a6af210bb5a7ba07",""
"id-a6f41ab4db0a4a4db3a8bef00511d445","AssociationRelationship","","","id-ca360dfa05694e66a069abf2252a49b1","id-53b316d243804816acbe48684b9b9453",""
"id-8c637f13ef7e421681dd189208eb8c19","AssociationRelationship","","","id-921a13d7f5914142a6af210bb5a7ba07","id-8b8b3e6f63b6493cb79d792c4aaa382b",""
"id-dc8839b6ca0540b68d33374eafbbe406","AssociationRelationship","","","id-ca360dfa05694e66a069abf2252a49b1","id-8b8b3e6f63b6493cb79d792c4aaa382b",""
"id-e32149165dc942879b1d315eaf958e78","CompositionRelationship","","","id-c22dd592cd9e473189aa16be778b5aae","id-1d3eb43020d5494fbb2d78dae48848f7",""
"id-c6754ba34a9b4a8a852a7b98323c66c9","CompositionRelationship","","","id-c22dd592cd9e473189aa16be778b5aae","id-6b3d8fa0bd6a42d087972cb06f577be9",""
"id-aa01d5f404aa4f05950e4a24b45d8c6c","CompositionRelationship","","","id-c22dd592cd9e473189aa16be778b5aae","id-a4992d4d81514a1ab8d6a9a6b9ae509e",""
"id-e7c4a5beb7e74f8ab2fb77108d883b64","CompositionRelationship","","","id-c22dd592cd9e473189aa16be778b5aae","id-d6183782cfb5486f89da9d037ae8f437",""
"id-5e18e549fc67486fab019e8a08e72b43","CompositionRelationship","","","id-8faad619b79b4100a1fd2ece7e3cb571","id-63c3f842cd7a43ccbc472d6f6d701778",""
"id-dcaa80cd058e414999b2da1becdfbcef","CompositionRelationship","","","id-8faad619b79b4100a1fd2ece7e3cb571","id-5422e16dab6147c09f3e998fd3d6addb",""
"id-5a40010916714c57a45858fceb9250e9","CompositionRelationship","","","id-d825ae5e150048c3958da9ddafc9c400","id-788c271c7dea454caf658ef7f763d0a2",""
"id-2166ad2ef82c4ff687982841822f0bd3","CompositionRelationship","","","id-d825ae5e150048c3958da9ddafc9c400","id-2d204933b0dc4765bc5dba55381ea8c3",""
"id-6eb18229065c4ea690feb2538fa8db11","CompositionRelationship","","","id-d825ae5e150048c3958da9ddafc9c400","id-bceaa16202f44d3bacbb9ac681da7572",""
"id-1488a3fb19e94be997e76fd7ff6ffcd4","CompositionRelationship","","","id-593466ae34904094acda8a8619d94436","id-e907c883e95e499c806969157e2211b8",""
"id-053eb58923d94b8a92ee8e89e816b2e7","CompositionRelationship","","","id-593466ae34904094acda8a8619d94436","id-700aa5d2ea01448bbca8f03628db1220",""
"id-24c5a42d9cae4ef3b7b742268339df82","CompositionRelationship","","","id-e6d019a7dab249d891966b0418d01cae","id-3113eb906ace4fdaa9791fbc8ba7c92f",""
"id-96038394667446ee9ce689fd4db32a08","CompositionRelationship","","","id-e6d019a7dab249d891966b0418d01cae","id-17932947f2f24c5a895c99cd5fc35094",""
"id-06d5bef477f34d99a939a410cd46963b","CompositionRelationship","","","id-e6d019a7dab249d891966b0418d01cae","id-751841dd2f2d4b42aa64ca1685d1432a",""
"id-15f0fabd231749ebbbe63745db29f1bf","CompositionRelationship","","","id-e6d019a7dab249d891966b0418d01cae","id-ac89f2a01b824bdbbf7a39a647df903f",""
"id-9fe82b24533d4724bbd4165ee691e0f4","CompositionRelationship","","","id-e6d019a7dab249d891966b0418d01cae","id-c9d498d5d58e44cdb67285afe7d14587",""
"id-fbda7d8e26bc4f5797b72f257caba433","CompositionRelationship","","","id-e6d019a7dab249d891966b0418d01cae","id-c07ef09ef02940ccb0735267a7fc5d23",""
"id-c0dcd15734bc4c3cbb09da3cbc85e2dd","CompositionRelationship","","","id-d1bda9f4c7f94fc28761d604fa3d86e7","id-98f612a4fe704c3ea46475a09557dcdb",""
"id-f9bd501014ae4a4eba3ddf084de44bf3","CompositionRelationship","","","id-d1bda9f4c7f94fc28761d604fa3d86e7","id-9e6537d95f044dfdaf888d4286cbfc95",""
"id-48da1f2ea5b840b79bf40a7bf2bc544c","CompositionRelationship","","","id-d1bda9f4c7f94fc28761d604fa3d86e7","id-fec2d90d36224d3688f01e78e4d07745",""
"id-7046556726f64b3da34925aea490901a","CompositionRelationship","","","id-ba9384afb9b64aafa10fd1fd0f8eeb1b","id-d2c0209d662144d8828172516d22cca6",""
"id-8579a550dc814bfab2f26def86209316","CompositionRelationship","","","id-ba9384afb9b64aafa10fd1fd0f8eeb1b","id-694b30f4320d4d57ac9385566087653d",""
"id-87fb6e966ee441d4905e59ad5b388c36","CompositionRelationship","","","id-ba9384afb9b64aafa10fd1fd0f8eeb1b","id-41d632b68b5c4e61ba024f533ec9a8ff",""
"id-62889940b8464107a72368501fa76242","CompositionRelationship","","","id-ba9384afb9b64aafa10fd1fd0f8eeb1b","id-bd8b03117f624081ba385edc9ae60698",""
"id-2c05524e01b340428709e4fc5247f65a","CompositionRelationship","","","id-ba9384afb9b64aafa10fd1fd0f8eeb1b","id-a8a47021e39f45f38b2915af77a3b3a2",""
"id-d5cbbba669f741289031b93097bf9af2","CompositionRelationship","","","id-326212a745c24f00a761ecb6e0e46a60","id-e7b3c06a87ea4ca398a25a70e534ef60",""
"id-082d50b963784db6b54fba663e3e3097","CompositionRelationship","","","id-326212a745c24f00a761ecb6e0e46a60","id-ecbac06fb7f343eca90b875a26122eb4",""
"id-c07b302cdce74f12b50d0a1f96dbc7f0","CompositionRelationship","","","id-326212a745c24f00a761ecb6e0e46a60","id-420b8be6203e420b996fc5d0bde9d880",""
"id-aa6fa0e44f2e4182aba87c7265136022","CompositionRelationship","","","id-326212a745c24f00a761ecb6e0e46a60","id-6e69e35c7ce9400b91c33080892bbac4",""
"id-7eb440f72647473dbc6a6c33a9ac712e","CompositionRelationship","","","id-9d504940bf6049cc913e35408dc23a08","id-629289516ce34c35836d4a1b490bf856",""
"id-7edfd9b5f51e4dd799293096a6aeef4b","CompositionRelationship","","","id-9d504940bf6049cc913e35408dc23a08","id-e649a48f71c64344a575bf5492393b9b",""
"id-439ac43cb0b24644811cd1c24643bd8c","CompositionRelationship","","","id-dfab0d8bf78e437d960a1b1f395e5785","id-b1625793457a4c77ada7ec7097c6fcc8",""
"id-25784b5e20ee4c60a7bcf28212c3b6f3","CompositionRelationship","","","id-dfab0d8bf78e437d960a1b1f395e5785","id-c3f8c53d30b340478d2069fb638ba32f",""
"id-32ce5e4a1daf4093a25a12173f342620","CompositionRelationship","","","id-dfab0d8bf78e437d960a1b1f395e5785","id-84ee2e9ff4ae41a1b91ac25b3e16e6ce",""
"id-b909674d75514ed3b1e34d33dbbf8a33","CompositionRelationship","","","id-7d61a8d17d3d428fb399e35ec88a9cad","id-02b925f73cfd4175a3e87d6b89d62961",""
"id-525b97d1a6144b71a96e519c26740db5","CompositionRelationship","","","id-7d61a8d17d3d428fb399e35ec88a9cad","id-4f6352f4ac394f12a57c41903e8da501",""
"id-c10c81d244224093911a92790451133d","CompositionRelationship","","","id-cc04ca8520ef4f258704adf5bb19a9bd","id-b7d88d50ca804434b4a2fec6a3df01b4",""
"id-6bd7b0f86dd9403caf7163a4f520cb0d","CompositionRelationship","","","id-cc04ca8520ef4f258704adf5bb19a9bd","id-a2db4f5a45e4462499592a786375485c",""
"id-c68fda5a475e4016badaadf08aa7f245","CompositionRelationship","","","id-e617c5e828764b5ab63f736e2e6dbfd3","id-54c4fe810f674738920cd9c4640c556a",""
"id-08b3ee37c0654796b8026caabee9e983","CompositionRelationship","","","id-e617c5e828764b5ab63f736e2e6dbfd3","id-8056c77f610a49d79708050c8a341a7b",""
"id-62bebaf7dec240a29ddd0cce6fd92968","CompositionRelationship","","","id-e617c5e828764b5ab63f736e2e6dbfd3","id-5e68be7d0eef409cae53be8925831152",""
"id-4153d49c9fb944cd93390619a3f8f19b","CompositionRelationship","","","id-e617c5e828764b5ab63f736e2e6dbfd3","id-03ce5791bbf04015a7caf535482281e7",""
"id-749b21865a6d4c1dabd3835d3c700f40","CompositionRelationship","","","id-fa7a9944b67940acad7d98de507ca9d8","id-4235e8410cda404dabb99e56e955b6fa",""
"id-cdb45c2020634a71a6c9b6e970684a0e","CompositionRelationship","","","id-fa7a9944b67940acad7d98de507ca9d8","id-e200360fb7fa404fa47aff50340cfaa0",""
"id-1444ad5fa8654a339a47be71727b63f9","CompositionRelationship","","","id-fa7a9944b67940acad7d98de507ca9d8","id-2c670d74940e4361b426ba14686c872e",""
"id-37ac84fb1f8e45939270718f36c3f2c8","CompositionRelationship","","","id-fa7a9944b67940acad7d98de507ca9d8","id-bdab11921b6e4385a3e02d71c6db156e",""
"id-6d8e64999d61471e96241eaceb1cdced","CompositionRelationship","","","id-fa7a9944b67940acad7d98de507ca9d8","id-89a13926674e47c0b17fc5a3a5df77a3",""
"id-50713b1b09b749018f4fb81eb0116687","CompositionRelationship","","","id-fa7a9944b67940acad7d98de507ca9d8","id-9da28c9cc3c14001b1a9752b1d65d38c",""
"id-000ed1e68be0477b91971b6a9e30e9e3","CompositionRelationship","","","id-fa7a9944b67940acad7d98de507ca9d8","id-d5d64ef5f1a14fb3a181155d3fce4562",""
"id-39c94eac153243fbba37db0b4dc69f3e","FlowRelationship","","","id-7da3f3d13c9a4229a15fac833e414ce4","id-7f036ad2bfea4611b69a7914ea6355a5",""
"id-1c706cec66904a7fbd77747507a0ad0c","FlowRelationship","","","id-23e5af0708fb4467b610560f4fcb29a4","id-d92dd2620d164dc2b96469b3fb8b4ee7",""
"id-75ecc006cbcc4ab7bb02cc8d46daadbf","RealizationRelationship","","","id-2392d6e24bea43de903d190eed81e475","id-868dcc15cd2440c2b1058576f4bce013",""
"id-b6a5b886a8404827b20c0fe56eabfab2","RealizationRelationship","","","id-2392d6e24bea43de903d190eed81e475","id-bbf2ecd206764b07a4a51d93479027e6",""
"id-edaa49f8f8284b34afd74ccd11d2f36d","RealizationRelationship","","","id-e983d9a8f9f247879fe0ae8dada7acf0","id-aa7f3f63a5f04c3680e2300e34a97ba5",""
"id-264b75897dc44744aba89cb9d7edf638","RealizationRelationship","","","id-e983d9a8f9f247879fe0ae8dada7acf0","id-c8d6c7c8b2e04d8cb298a9d6318dbf5f",""
"id-0515ae00ec374a87980923cee37b7eef","RealizationRelationship","","","id-e983d9a8f9f247879fe0ae8dada7acf0","id-bd216dd5340744b69455f87ec6a08243",""
"id-9316e7e0d31d4ea49f7d51a08ec43852","RealizationRelationship","","","id-57b0687f315848609dbf2b60f335159c","id-0f5a2d449bd4459e96416906d7b8c049",""
"id-2690046d8ef9453ea9cef432095af381","RealizationRelationship","","","id-d01a27e84e0649d1aa5da555e2208881","id-1480254b33514e94b3aa751d6587e96a",""
"id-2a33a8083ced4e57bbc1f9155b2a27f5","RealizationRelationship","","","id-b1f0a70c636b4612a7d95e63c91c5072","id-8cf4a253bc7b4a41870ae4d57ffa053e",""
"id-cf178bffc99d49b2a9dc3141d145193b","RealizationRelationship","","","id-b1f0a70c636b4612a7d95e63c91c5072","id-3c10002d53334657af25d7a5ceaff8db",""
"id-700e15c989914ef18c774b3f603f3e1e","RealizationRelationship","","","id-b1f0a70c636b4612a7d95e63c91c5072","id-937bb8315c8a4f67bf192088a6eb1d6c",""
"id-3ab5ad9e0b3c4532a04c40eb4979c4c0","RealizationRelationship","","","id-3c01de978fbb4bda8fd9f840c97bdbe9","id-8a9d93d7eb8a4ed682056596b9c6100f",""
"id-0a8c74d630894f24bf46d8b16a06da58","RealizationRelationship","","","id-3c01de978fbb4bda8fd9f840c97bdbe9","id-6f2636f7953446edbd03677437a96b91",""
"id-aca0f864536e434ab7495ed49cfba2d0","RealizationRelationship","","","id-996995356116460bb837b8dcff56028a","id-7ad01926db224ac28c3e63ed4f6b58f5",""
"id-5eb709b141ee4524929942f5805c3575","RealizationRelationship","","","id-996995356116460bb837b8dcff56028a","id-3423fc2bc51042e1b8a69bd2f1c62be2",""
"id-8fd52547e59c4773b553e1ab2d93db2a","RealizationRelationship","","","id-996995356116460bb837b8dcff56028a","id-c9ee89eff5b0463cb9a3982adb8b18dd",""
"id-4c6bae7429174df1bc516b9bef1ba6a6","RealizationRelationship","","","id-996995356116460bb837b8dcff56028a","id-88a29c1437604ec08d2ad4eb9617e284",""
"id-333bbd7c904e4411951d71892ecba29c","RealizationRelationship","","","id-996995356116460bb837b8dcff56028a","id-37a8e2b3fc1f4579ad3f05f218043b32",""
"id-8ff5c5b805a546fcb3396e55f85380cf","RealizationRelationship","","","id-996995356116460bb837b8dcff56028a","id-0e352a92a12342a38681d1dd05beedbd",""
"id-c67dbef1aa44488f96f63a786d8f13e6","RealizationRelationship","","","id-996995356116460bb837b8dcff56028a","id-2ce8e94344e2476192fa8ddf1e19d653",""
"id-5e8e9a78e03f4ed0a17710dfe33b25ca","RealizationRelationship","","","id-8322dc854d0c43b1a5ec14f0103ed14a","id-1c37c79635824aa797071be89d8b3358",""
"id-7c7d0743bdb043f9a1cf6ec9aad34ac5","RealizationRelationship","","","id-8322dc854d0c43b1a5ec14f0103ed14a","id-dc544c8f4c96415cb44c40d2472138f0",""
"id-aa24b1fa0aae4735953b71dcfb0bdb94","RealizationRelationship","","","id-8322dc854d0c43b1a5ec14f0103ed14a","id-aa4a3fc17ca4494d9d2b5ba8a8b58f51",""
"id-117339c3f3124d22a8971cf6c67e7fc3","RealizationRelationship","","","id-996995356116460bb837b8dcff56028a","id-54f6c515a561461783502bb3666b0fa6",""
"id-1a53c627edc0416294de9ef9a38bc31f","RealizationRelationship","","","id-66c3818a038341668429339fabd5989a","id-868dcc15cd2440c2b1058576f4bce013",""
"id-d022cc99c7cc4b15a63d10635e27cd6b","RealizationRelationship","","","id-9becee710eca4b58becb1c072cbe1a02","id-6c23fd37287c4ed1a3fc3daac67f5017",""
"id-0a7ffad55aad4fb397328645eb6637ed","RealizationRelationship","","","id-49040fed82dd4759ae0f75d62996bb03","id-5e8ed4643f6047278462bd8271f9c16b",""
"id-b68b5d578626459d85c3bdbe2eb10464","RealizationRelationship","","","id-a2417deb27524d08909e1128d720d9f1","id-5e8ed4643f6047278462bd8271f9c16b",""
"id-ca13be111a564076a6737bd81a6194c9","RealizationRelationship","","","id-358695ea3b064e0e8394d8a29652845e","id-5e8ed4643f6047278462bd8271f9c16b",""
"id-5f08d123235743438f314e87765d0ff3","RealizationRelationship","","","id-2a925bdd5a50499dab3916c2b91034df","id-02dc09d15b8444c6854384b17605fcb5",""
"id-b63c6955338744968394c6d55b93d5c9","RealizationRelationship","","","id-7850b73d6376404d90dc327e9286ec75","id-2f77577dede341f3a73c470f2a2744e8",""
"id-ed5d2f60437949d0aeaca69deabee953","RealizationRelationship","","","id-c4380254b56945e09c062d1fa8f11051","id-ce0f2d9ddcdc4ac19152cfba6611dc07",""
"id-7535541fb79545148cecdfa322783945","RealizationRelationship","","","id-2f77577dede341f3a73c470f2a2744e8","id-447152e57f18484fb6a5dc46651e28ae",""
"id-a67a6b1cc6ac429fbfbaefa017a180e0","RealizationRelationship","","","id-2f77577dede341f3a73c470f2a2744e8","id-010f156c59dd42a6bf3464277229321c",""
"id-af8f5e1ed09a4691bb15592beae6c0be","RealizationRelationship","","","id-ce0f2d9ddcdc4ac19152cfba6611dc07","id-5bdd9bcbaefe4d45a4e2a6bede9d56fa",""
"id-53666f00e81a42dd8b3f0ca6f21f198d","RealizationRelationship","","","id-ce0f2d9ddcdc4ac19152cfba6611dc07","id-975100ce48f24c8791888e2cacfedfd6",""
"id-e265ee7d8efd49aa883d7b22dc28e15a","RealizationRelationship","","","id-ce0f2d9ddcdc4ac19152cfba6611dc07","id-7f036ad2bfea4611b69a7914ea6355a5",""
"id-9b64c0f2807c4f02a75bd5490942766a","RealizationRelationship","","","id-ce0f2d9ddcdc4ac19152cfba6611dc07","id-c9b86f931ca74d1eb3f8ba82cd319e03",""
"id-683c6a7904b74d34b3f697627c0368d2","RealizationRelationship","","","id-ce0f2d9ddcdc4ac19152cfba6611dc07","id-1956574c754a41e0a9de019f5199ec1c",""
"id-59753a4e5f3f413fbf943d09fb97647f","RealizationRelationship","","","id-ce0f2d9ddcdc4ac19152cfba6611dc07","id-b6ad564a65a445448cd2b7178364f5c7",""
"id-4d194cbb00d14dabba8e2b4d60f5bab1","RealizationRelationship","","","id-ce0f2d9ddcdc4ac19152cfba6611dc07","id-2385001c31ac4842a64f75f612fcf997",""
"id-e5fb0a830fca4cf78184b136e16aa15a","RealizationRelationship","","","id-ce0f2d9ddcdc4ac19152cfba6611dc07","id-949562c94da04863a6c69b1c910ae429",""
"id-e3df3eedb62b4c83b6088aa5feb02927","RealizationRelationship","","","id-ce0f2d9ddcdc4ac19152cfba6611dc07","id-215ed8229f29403d912169fc7e8753f8",""
"id-f06f320166124ee3b11e7db3371a8ad9","RealizationRelationship","","","id-ce0f2d9ddcdc4ac19152cfba6611dc07","id-6cb3f4d7838a41be9b6265513e9039b0",""
"id-647593c6dc5a410abe22c7cd5bf765cb","RealizationRelationship","","","id-6584a0c8a6484048924d1288a3636c54","id-8268fb4d35fd44c8bc02c3fe75f31402",""
"id-6041aef6b5f94382b0ded6c3245be89c","RealizationRelationship","","","id-6584a0c8a6484048924d1288a3636c54","id-77d0cf9d55934478b01e56d798b39a79",""
"id-ca4b73f372cf480a973a856f40aba2e6","RealizationRelationship","","","id-6584a0c8a6484048924d1288a3636c54","id-adcc8e9aa7454d43b98138c83f781a04",""
"id-6f369946730042859c04fc358b675f94","RealizationRelationship","","","id-731de004590e4fd9aff7ccc096f05ae8","id-edbf4ed987ac44ec8f174f91f5968593",""
"id-247b01a5e69143759d6ea9146c20f051","RealizationRelationship","","","id-731de004590e4fd9aff7ccc096f05ae8","id-67862b457e5a4d4bad1ac153e18a587d",""
"id-9df9cc695f464191957436828e2ae99a","RealizationRelationship","","","id-ce0f2d9ddcdc4ac19152cfba6611dc07","id-4e66079853434844bb4aa661c41a587d",""
"id-d02f78f691b84c0e9f41673c1dcdde36","RealizationRelationship","","","id-ce0f2d9ddcdc4ac19152cfba6611dc07","id-03249fb0bde44304a42da95207bbe2d6",""
"id-2530b42f94aa447e84657dd316a0988e","RealizationRelationship","","","id-ce0f2d9ddcdc4ac19152cfba6611dc07","id-c6f096a8d0b04e938946611ecb363b34",""
"id-4ed1a390befc4149ba2ba6c68a732372","RealizationRelationship","","","id-ce0f2d9ddcdc4ac19152cfba6611dc07","id-cf50d59ac5af4807934ef89e6405de1e",""
"id-38f52fdde4144602baf585b3291a75f7","RealizationRelationship","","","id-9f65336d57ef4fda9fb6b7dfa2153800","id-7a6d6895b12d416591a99dc4b05b43af",""
"id-901e32f220fe43b2bd106ffa43d3ee0c","RealizationRelationship","","","id-9697a04661ac43b1a13ea6b88288fd10","id-9f65336d57ef4fda9fb6b7dfa2153800",""
"id-cbb51f41ec32447688318527f97f9115","RealizationRelationship","","","id-9697a04661ac43b1a13ea6b88288fd10","id-5d6fa9aed1c942878583bd6c19f8a9c9",""
"id-a2d8dcf90666463a9832694fc924f0a6","SpecializationRelationship","","","id-fb55c3fc7ca146b5bb44f19433a6c072","id-ab6d78cdf80b432a9927017395cc2fd2",""
"id-2fd87384baa3479abbee0bfb30702c4b","TriggeringRelationship","","","id-5bdd9bcbaefe4d45a4e2a6bede9d56fa","id-ed875090cf5d458bb346eec31527bfc4",""
"id-f1ae5135077142378fdad8548ba4baea","TriggeringRelationship","","","id-447152e57f18484fb6a5dc46651e28ae","id-6c23fd37287c4ed1a3fc3daac67f5017",""
"id-5c1446b355bb43fcb5e13740795d1261","TriggeringRelationship","","","id-adcc8e9aa7454d43b98138c83f781a04","id-ed875090cf5d458bb346eec31527bfc4",""
"id-3fc0f87d558e4e80af1901b963f49d63","TriggeringRelationship","","","id-447152e57f18484fb6a5dc46651e28ae","id-ed875090cf5d458bb346eec31527bfc4",""
"id-b2af25e9573f4ae78c27ccd64f9a6974","TriggeringRelationship","","","id-6cb3f4d7838a41be9b6265513e9039b0","id-ed875090cf5d458bb346eec31527bfc4",""
"id-09ab6b2a0b7042aea1cb40af616e0fce","TriggeringRelationship","","","id-8268fb4d35fd44c8bc02c3fe75f31402","id-ed875090cf5d458bb346eec31527bfc4",""
"id-8b69a683fdbf4fb7945db709e2fcd917","TriggeringRelationship","","","id-77d0cf9d55934478b01e56d798b39a79","id-ed875090cf5d458bb346eec31527bfc4",""
"id-1a52ed00b82942b899fd51aaa2a23249","TriggeringRelationship","","","id-60ac7a67a5a84d5cb4275fc70ca6ad11","id-ed875090cf5d458bb346eec31527bfc4",""
"id-8fd9bc7d095647229878b7bd497ba0e8","TriggeringRelationship","","","id-d144bce3aab345f49e9ff694491c5770","id-ed875090cf5d458bb346eec31527bfc4",""